story_id,epic,title,as_a,i_want,so_that,acceptance_criteria,priority_method,priority_score,priority_inputs,rank,release,success_criterion
S-01,Сесія,Вхід у сесію за посиланням,учасник оцінювання,зайти в сесію за посиланням без реєстрації,почати голосувати одразу,,,,,,,
S-02,Сесія,Фасилітатор і голосуючий,фасилітатор,мати права відкривати голоси і вести раунди,тримати порядок сесії,,,,,,,
S-03,Голосування,Голосування картками з приховуванням,учасник оцінювання,подати оцінку так щоб її не бачили до відкриття,не підлаштовуватися під чужу цифру,,,,,,,
S-04,Голосування,Розкид і другий раунд на одному екрані,фасилітатор,бачити розкид голосів і з того самого екрана запускати другий раунд,не втрачати контекст спірної історії,,,,,,,
S-05,Сесія,Список історій сесії,фасилітатор,бачити перелік історій із підсвіченою поточною,розуміти скільки ще залишилось,,,,,,,
S-06,Статистика,Розкид голосів по історії,фасилітатор,бачити найменшу і найбільшу та підсумкову оцінку історії,знати де команда справді не домовилась,,,,,,,
S-07,Статистика,Історія минулих сесій,фасилітатор,відкрити результати попередніх сесій команди,порівнювати оцінки з тим що вийшло насправді,,,,,,,
S-08,Голосування,Таймер раунду,фасилітатор,вмикати таймер на раунд обговорення,не давати одній історії з'їсти всю сесію,,,,,,,
S-09,Інтеграції,Імпорт історій із трекера команди,фасилітатор,підтягнути історії з трекера команди,не переносити назви руками перед кожною сесією,,,,,,,
S-10,Інтеграції,Експорт оцінок у CSV,фасилітатор,вивантажити голоси і підсумкові оцінки у CSV,покласти результат у портфель команди,,,,,,,
S-11,Сесія,Створення сесії і запрошення,фасилітатор,створити сесію і запросити учасників посиланням,зібрати команду за хвилину,,,,,,,
S-12,Налаштування,Налаштування колоди карток,фасилітатор,обрати колоду карток для сесії,працювати з тією шкалою якою користується команда,,,,,,,
S-13,Налаштування,Видалення сесії разом із даними,фасилітатор,видалити сесію і всі її дані,не тримати чужі оцінки без потреби,,,,,,,
